evert1934@feil.info,Sr. Yango Santos,878-534-9456
ashly.balistreri@sauer.org,Liz dos Reis,(415) 229-6894
ryleigh_green@gibson.net,Clarice Mendes,8462287402
adrien.leffler@robel.biz,Dra. Pedro Lucas Simões,8532377586
van1921@graham.org,Esther da Barra,2039427139
matteo_marks@stark.org,Paula Brum,632/425-3915
penelope1981@hermann.info,Helena do Prado,(414) 698-0408
emelia.satterfield@herman.net,Fernanda Leiria,(516) 451-9090
russell2009@swaniawski.com,Sr. André Silva,360-299-5766
arjun.lockman@ritchie.info,Carlos Taveira,7716971942
angus1930@okon.name,Pedro Miguel Jesus Filho,822-526-7541
kathleen2053@lakin.name,Antônio de Lara,531-932-5435
adolf2029@jones.com,Calebe Bouças,222/904-1271
richie.ledner@wisoky.net,Pedro Miguel Moreno Jr.,(337) 914-5818
melody2008@kessler.net,César Tavares,970-241-6611
joshua.wilkinson@bogan.org,Pérola Barreto,(642) 757-3474
napoleon1949@jacobson.org,Ofélia Quaresma,(443) 845-9635
wendy.kreiger@reynolds.biz,Alessandra Rolim,787-536-1539
gracie2099@kulas.info,Luiz Gustavo Pedroso,5847626080
jocelyn_rau@cassin.info,Srta. Ana Júlia Palmeira Filho,4127430872
darby.harvey@schneider.biz,Dra. Dalila Veles,916-316-4227
jaden_boyle@kuvalis.net,Marcelo Cavalcanti,689.447.2381
tatum2057@turcotte.biz,Ana Cecília Ximenes,438/954-3618
antonio.dickens@luettgen.org,Anthony Veles,588/477-7239
kaylie.schiller@stanton.name,Célia Lima,901-586-0848
drew1978@jones.info,Sr. Guilherme do Prado,983/851-6877
cindy2093@stark.com,Erick Albuquerque,(913) 776-5698
else_bahringer@weissnat.org,Luiz Gustavo de Oliveira,(305) 288-8689
elyse_adams@thompson.info,Feliciano Rocha,(380) 251-3724
domenick_turner@hermiston.name,Núbia Rezende,551/228-4999
elissa_rogahn@stanton.org,Pedro Castanho,(625) 522-0396
clint1963@brekke.net,Dr. Isabella Matoso,949-548-4429
jeramy2026@zemlak.org,Srta. Rafaela Jesus,219-866-8624
nova.balistreri@goldner.net,Leonardo Carvalheira,5319389489
orval2023@boehm.info,Agatha Teles,(940) 876-0703
rubye.wolff@greenholt.name,João Pedro Garcez,622-789-7343
pablo.funk@fadel.org,Sra. Kauê Figueira,613/922-2903
geo_ebert@dicki.info,Liz Veloso,447/716-4564
anastasia2082@johnston.net,Isabel Mangueira Filho,508/303-6002
jada2080@kuvalis.name,Antonella Cabreira,5722917883
lorena.jast@jakubowski.org,Morgana Dias,385-688-7300
morris_predovic@weimann.org,Antônio Fontes,(918) 594-5392
dallas_torp@white.info,Djalma da Penha,(865) 248-2161
kadin1941@kling.com,Sr. Henrique Ambrósio,859/809-3410
dariana1963@mayer.net,Ana Luiza Pimenta,7493669937
julia2084@davis.net,Fernando Passarinho Neto,(749) 573-6089
devin1918@breitenberg.com,Ana Vitória Chaves,936-241-0998
teste@teste,teste,123345
david_wyman@crooks.net,Dalila Melo,549-454-3900
micheal.pfeffer@goodwin.net,Meire da Penha,544.477.2520
amie1901@block.com,Margarida Bittencourt,938/463-0290
serenity2093@kautzer.com,Emanuelly Quarteira,8384569904
margie_cormier@barrows.biz,Srta. Elisa Quarteira,870.246.3279
wellington1924@block.com,Larissa do Prado Jr.,402/933-5012
forrest2060@krajcik.biz,Luiz Otávio Barreira,886/923-7003
syble2009@mitchell.biz,Maria Isis Jesus,(984) 474-2191
katlyn1965@mills.org,Hugo Cruz Jr.,(441) 389-9189
jake2095@carter.org,Aline Simão,7329497787
bill_oreilly@kilback.name,Louise Parreira,400/994-1692
shayna_yost@lemke.net,Maria Eduarda Meireles,(229) 914-5195
maxie_ruecker@bergstrom.biz,Rodrigo Rebouças,663/382-0388
velda_koelpin@quigley.org,Maria Cecília Nogueira Filho,655-416-7724
reta2087@mckenzie.info,Dra. Leonardo Bouças Jr.,327-397-1090
chelsea_fisher@balistreri.name,Ana Clara Fogaça,255/408-8642
enrico1965@moore.org,Cauã Vimaranes Filho,317-389-7257
elsa2089@pollich.name,Bernardo Lima,342-334-9076
raphael1989@cormier.com,Yago Marins,360-419-3032
emil2077@hammes.info,Sra. Levi de Quadros Neto,679.436.3144
willa_zieme@kozey.com,Márcia Ferreira,572-532-8785
chelsie1971@auer.com,João Gabriel Moreno Filho,717.765.6956
anibal_beahan@mohr.org,Emanuel Corrêa,9458351303
austyn.hartmann@deckow.biz,Patricia da Bandeira Jr.,646.404.8362
wilber_kozey@reichel.com,Srta. Vitória Galego,443.328.5549
abdiel_davis@raynor.net,Bruna Campos,224/304-7492
harry1939@rowe.com,Maria Clara Carreira,955/246-1020
shawn1956@heller.org,Luiz Otávio Dorneles,(418) 363-4793
patricia.hansen@jaskolski.net,Lucca Monteiro,371/607-4299
eusebio1956@jakubowski.com,Margarida Diegues Neto,(610) 206-4282
ezequiel.beahan@wisoky.biz,Lara Pedroso,551/637-1461
rogers1905@langosh.info,Eloah Ribeira,571.672.6673
horacio1937@upton.biz,Breno Vieira,(901) 457-6389
javon.kilback@armstrong.org,Enzo Miguel Henriques,800.613.2355
newell_champlin@cummings.net,Gúbio Amoreira,232/454-9608
marco1905@williamson.org,Ana Beatriz Monteira,6792818576
fae1955@gaylord.name,Alice Coutinho,966/799-2140
tamara.stroman@simonis.name,Ana Lívia Fontinhas,581.517.0799
braeden.weber@bergstrom.info,Nicolas da Silveira,(606) 875-9075
lambert1966@wiegand.org,Alícia de Oliveira,(318) 507-8096
theresa_jast@cronin.com,Carolina da Conceição,677.955.9640
rodrigo1927@dietrich.info,Dra. Lara Almada Jr.,811.551.1268
verdie1966@huels.com,Arthur Antunes Jr.,(680) 573-7082
max.walsh@grimes.info,Lara Reis,715.354.6663
aron2029@jerde.com,Carolina Teles,232/801-4263
eleazar.mohr@littel.info,Marcia Soeira,730/431-5888
javonte1986@kertzmann.org,Guilherme Araújo,571.332.5395
ellen2031@nolan.name,Heitor da Gama,(757) 726-3457
myrtle1914@kovacek.info,Sr. Ian Grotas,721-349-5969
georgiana_quigley@spencer.name,Meire Palmeira,9188933021
qwer@awer,teste,1234
joca@joca,joca,1234
asdf@asdf,asdf,123
jojo@jojo,joaoooooo,2345
wilbert1927@batz.com,willlll,456789
